-- phpMyAdmin SQL Dump
-- version 5.2.1
-- https://www.phpmyadmin.net/
--
-- Host: 127.0.0.1
-- Generation Time: Jul 16, 2025 at 11:42 AM
-- Server version: 10.4.32-MariaDB
-- PHP Version: 8.2.12

SET SQL_MODE = "NO_AUTO_VALUE_ON_ZERO";
START TRANSACTION;
SET time_zone = "+00:00";


/*!40101 SET @OLD_CHARACTER_SET_CLIENT=@@CHARACTER_SET_CLIENT */;
/*!40101 SET @OLD_CHARACTER_SET_RESULTS=@@CHARACTER_SET_RESULTS */;
/*!40101 SET @OLD_COLLATION_CONNECTION=@@COLLATION_CONNECTION */;
/*!40101 SET NAMES utf8mb4 */;

--
-- Database: `inventaris_barang`
--

-- --------------------------------------------------------

--
-- Table structure for table `akun_inventaris`
--

CREATE TABLE `akun_inventaris` (
  `username` varchar(50) NOT NULL,
  `pass` varchar(50) DEFAULT NULL,
  `nama` varchar(100) DEFAULT NULL,
  `email` varchar(100) DEFAULT NULL,
  `kontak` varchar(30) DEFAULT NULL
) ENGINE=InnoDB DEFAULT CHARSET=utf8mb4 COLLATE=utf8mb4_general_ci;

--
-- Dumping data for table `akun_inventaris`
--

INSERT INTO `akun_inventaris` (`username`, `pass`, `nama`, `email`, `kontak`) VALUES
('kiw', '12345', 'Kiew', 'kiew4@gmail.com', '0812345678');

-- --------------------------------------------------------

--
-- Table structure for table `barang`
--

CREATE TABLE `barang` (
  `id_barang` int(11) NOT NULL,
  `nama_barang` varchar(100) NOT NULL,
  `id_kategori` int(11) DEFAULT NULL,
  `stok` int(11) DEFAULT 0,
  `satuan` varchar(20) DEFAULT NULL,
  `harga` decimal(12,2) DEFAULT NULL
) ENGINE=InnoDB DEFAULT CHARSET=utf8mb4 COLLATE=utf8mb4_general_ci;

--
-- Dumping data for table `barang`
--

INSERT INTO `barang` (`id_barang`, `nama_barang`, `id_kategori`, `stok`, `satuan`, `harga`) VALUES
(4, 'Snack Ring', 4, 50, 'bungkus', 7000.00),
(5, 'Teh Botol', 5, 80, 'botol', 4000.00),
(6, 'Laptop Asus', 1, 10, 'unit', 7500000.00),
(7, 'Kemeja Pria', 2, 25, 'pcs', 150000.00),
(8, 'Pulpen Pilot', 3, 100, 'pcs', 5000.00),
(9, 'Snack Ring', 4, 50, 'bungkus', 7000.00),
(10, 'Teh Botol', 5, 80, 'botol', 4000.00),
(11, 'Pulpen Racing', 3, 1, 'pcs', 1000.00);

-- --------------------------------------------------------

--
-- Table structure for table `barang_keluar`
--

CREATE TABLE `barang_keluar` (
  `id_keluar` int(11) NOT NULL,
  `id_barang` int(11) DEFAULT NULL,
  `tanggal_keluar` date DEFAULT NULL,
  `jumlah` int(11) DEFAULT NULL,
  `tujuan` varchar(100) DEFAULT NULL
) ENGINE=InnoDB DEFAULT CHARSET=utf8mb4 COLLATE=utf8mb4_general_ci;

--
-- Dumping data for table `barang_keluar`
--

INSERT INTO `barang_keluar` (`id_keluar`, `id_barang`, `tanggal_keluar`, `jumlah`, `tujuan`) VALUES
(4, 4, '2025-06-29', 10, 'Toko B'),
(5, 5, '2025-06-29', 15, 'Kantin Sekolah');

-- --------------------------------------------------------

--
-- Table structure for table `barang_masuk`
--

CREATE TABLE `barang_masuk` (
  `id_masuk` int(11) NOT NULL,
  `id_barang` int(11) DEFAULT NULL,
  `id_pemasok` int(11) DEFAULT NULL,
  `tanggal_masuk` date DEFAULT NULL,
  `jumlah` int(11) DEFAULT NULL,
  `harga_beli` decimal(12,2) DEFAULT NULL
) ENGINE=InnoDB DEFAULT CHARSET=utf8mb4 COLLATE=utf8mb4_general_ci;

--
-- Dumping data for table `barang_masuk`
--

INSERT INTO `barang_masuk` (`id_masuk`, `id_barang`, `id_pemasok`, `tanggal_masuk`, `jumlah`, `harga_beli`) VALUES
(4, 4, 4, '2025-06-28', 20, 6000.00),
(5, 5, 5, '2025-06-29', 30, 3500.00);

-- --------------------------------------------------------

--
-- Table structure for table `cache`
--

CREATE TABLE `cache` (
  `key` varchar(255) NOT NULL,
  `value` mediumtext NOT NULL,
  `expiration` int(11) NOT NULL
) ENGINE=InnoDB DEFAULT CHARSET=utf8mb4 COLLATE=utf8mb4_unicode_ci;

-- --------------------------------------------------------

--
-- Table structure for table `cache_locks`
--

CREATE TABLE `cache_locks` (
  `key` varchar(255) NOT NULL,
  `owner` varchar(255) NOT NULL,
  `expiration` int(11) NOT NULL
) ENGINE=InnoDB DEFAULT CHARSET=utf8mb4 COLLATE=utf8mb4_unicode_ci;

-- --------------------------------------------------------

--
-- Table structure for table `failed_jobs`
--

CREATE TABLE `failed_jobs` (
  `id` bigint(20) UNSIGNED NOT NULL,
  `uuid` varchar(255) NOT NULL,
  `connection` text NOT NULL,
  `queue` text NOT NULL,
  `payload` longtext NOT NULL,
  `exception` longtext NOT NULL,
  `failed_at` timestamp NOT NULL DEFAULT current_timestamp()
) ENGINE=InnoDB DEFAULT CHARSET=utf8mb4 COLLATE=utf8mb4_unicode_ci;

-- --------------------------------------------------------

--
-- Table structure for table `harga_barang`
--

CREATE TABLE `harga_barang` (
  `id_harga` int(11) NOT NULL,
  `id_barang` int(11) DEFAULT NULL,
  `tanggal_berlaku` date DEFAULT NULL,
  `harga_beli` decimal(12,2) DEFAULT NULL
) ENGINE=InnoDB DEFAULT CHARSET=utf8mb4 COLLATE=utf8mb4_general_ci;

--
-- Dumping data for table `harga_barang`
--

INSERT INTO `harga_barang` (`id_harga`, `id_barang`, `tanggal_berlaku`, `harga_beli`) VALUES
(4, 4, '2025-06-23', 6000.00),
(5, 5, '2025-06-24', 3500.00);

-- --------------------------------------------------------

--
-- Table structure for table `jobs`
--

CREATE TABLE `jobs` (
  `id` bigint(20) UNSIGNED NOT NULL,
  `queue` varchar(255) NOT NULL,
  `payload` longtext NOT NULL,
  `attempts` tinyint(3) UNSIGNED NOT NULL,
  `reserved_at` int(10) UNSIGNED DEFAULT NULL,
  `available_at` int(10) UNSIGNED NOT NULL,
  `created_at` int(10) UNSIGNED NOT NULL
) ENGINE=InnoDB DEFAULT CHARSET=utf8mb4 COLLATE=utf8mb4_unicode_ci;

-- --------------------------------------------------------

--
-- Table structure for table `job_batches`
--

CREATE TABLE `job_batches` (
  `id` varchar(255) NOT NULL,
  `name` varchar(255) NOT NULL,
  `total_jobs` int(11) NOT NULL,
  `pending_jobs` int(11) NOT NULL,
  `failed_jobs` int(11) NOT NULL,
  `failed_job_ids` longtext NOT NULL,
  `options` mediumtext DEFAULT NULL,
  `cancelled_at` int(11) DEFAULT NULL,
  `created_at` int(11) NOT NULL,
  `finished_at` int(11) DEFAULT NULL
) ENGINE=InnoDB DEFAULT CHARSET=utf8mb4 COLLATE=utf8mb4_unicode_ci;

-- --------------------------------------------------------

--
-- Table structure for table `kategori_barang`
--

CREATE TABLE `kategori_barang` (
  `id_kategori` int(11) NOT NULL,
  `nama_kategori` varchar(100) NOT NULL
) ENGINE=InnoDB DEFAULT CHARSET=utf8mb4 COLLATE=utf8mb4_general_ci;

--
-- Dumping data for table `kategori_barang`
--

INSERT INTO `kategori_barang` (`id_kategori`, `nama_kategori`) VALUES
(1, 'Elektronik'),
(2, 'Pakaian'),
(3, 'Alat Tulis'),
(4, 'Makanan'),
(5, 'Minuman');

-- --------------------------------------------------------

--
-- Table structure for table `log_aktivitas`
--

CREATE TABLE `log_aktivitas` (
  `id_log` int(11) NOT NULL,
  `id_pengguna` int(11) DEFAULT NULL,
  `aktivitas` text DEFAULT NULL,
  `timestamp` datetime DEFAULT NULL
) ENGINE=InnoDB DEFAULT CHARSET=utf8mb4 COLLATE=utf8mb4_general_ci;

--
-- Dumping data for table `log_aktivitas`
--

INSERT INTO `log_aktivitas` (`id_log`, `id_pengguna`, `aktivitas`, `timestamp`) VALUES
(2, 3, 'Menambahkan barang', '2025-06-29 15:00:00'),
(3, 3, 'Mengedit stok', '2025-06-29 15:00:51'),
(5, 4, 'Melihat laporan', '2025-06-29 15:00:51');

-- --------------------------------------------------------

--
-- Table structure for table `migrations`
--

CREATE TABLE `migrations` (
  `id` int(10) UNSIGNED NOT NULL,
  `migration` varchar(255) NOT NULL,
  `batch` int(11) NOT NULL
) ENGINE=InnoDB DEFAULT CHARSET=utf8mb4 COLLATE=utf8mb4_unicode_ci;

--
-- Dumping data for table `migrations`
--

INSERT INTO `migrations` (`id`, `migration`, `batch`) VALUES
(1, '0001_01_01_000000_create_users_table', 1),
(2, '0001_01_01_000001_create_cache_table', 1),
(3, '0001_01_01_000002_create_jobs_table', 1);

-- --------------------------------------------------------

--
-- Table structure for table `password_reset_tokens`
--

CREATE TABLE `password_reset_tokens` (
  `email` varchar(255) NOT NULL,
  `token` varchar(255) NOT NULL,
  `created_at` timestamp NULL DEFAULT NULL
) ENGINE=InnoDB DEFAULT CHARSET=utf8mb4 COLLATE=utf8mb4_unicode_ci;

-- --------------------------------------------------------

--
-- Table structure for table `pemasok`
--

CREATE TABLE `pemasok` (
  `id_pemasok` int(11) NOT NULL,
  `nama_pemasok` varchar(100) NOT NULL,
  `alamat` text DEFAULT NULL,
  `telepon` varchar(20) DEFAULT NULL
) ENGINE=InnoDB DEFAULT CHARSET=utf8mb4 COLLATE=utf8mb4_general_ci;

--
-- Dumping data for table `pemasok`
--

INSERT INTO `pemasok` (`id_pemasok`, `nama_pemasok`, `alamat`, `telepon`) VALUES
(1, 'CV Sumber Rejeki', 'Jl. Kenangan No. 12', '081234567890'),
(2, 'PT Maju Jaya', 'Jl. Sukabumi No. 45', '082233445566'),
(3, 'UD Murah Meriah', 'Jl. Melati No. 3', '083344556677'),
(4, 'Toko Berkah', 'Jl. Mawar No. 7', '085566778899'),
(5, 'Distributor Sejahtera', 'Jl. Anggrek No. 9', '087788990011');

-- --------------------------------------------------------

--
-- Table structure for table `pengguna`
--

CREATE TABLE `pengguna` (
  `id_pengguna` int(11) NOT NULL,
  `username` varchar(50) NOT NULL,
  `password` varchar(100) NOT NULL,
  `level` enum('admin','staff') NOT NULL
) ENGINE=InnoDB DEFAULT CHARSET=utf8mb4 COLLATE=utf8mb4_general_ci;

--
-- Dumping data for table `pengguna`
--

INSERT INTO `pengguna` (`id_pengguna`, `username`, `password`, `level`) VALUES
(2, 'staff1', 'password_hash2', 'staff'),
(3, 'staff2', 'password_hash3', 'staff'),
(4, 'admin2', 'password_hash4', 'admin'),
(5, 'staff3', 'password_hash5', 'staff');

-- --------------------------------------------------------

--
-- Table structure for table `sessions`
--

CREATE TABLE `sessions` (
  `id` varchar(255) NOT NULL,
  `user_id` bigint(20) UNSIGNED DEFAULT NULL,
  `ip_address` varchar(45) DEFAULT NULL,
  `user_agent` text DEFAULT NULL,
  `payload` longtext NOT NULL,
  `last_activity` int(11) NOT NULL
) ENGINE=InnoDB DEFAULT CHARSET=utf8mb4 COLLATE=utf8mb4_unicode_ci;

--
-- Dumping data for table `sessions`
--

INSERT INTO `sessions` (`id`, `user_id`, `ip_address`, `user_agent`, `payload`, `last_activity`) VALUES
('7HQXr8PHEU262eFTN9E1m4wxmi5Cl3L7rnmcxWPX', NULL, '127.0.0.1', 'Mozilla/5.0 (Windows NT 10.0; Win64; x64) AppleWebKit/537.36 (KHTML, like Gecko) Chrome/138.0.0.0 Safari/537.36 Edg/138.0.0.0', 'YTozOntzOjY6Il90b2tlbiI7czo0MDoiVzhjUkp6SjVaQ3poTDd3OWVSMlo0dDdQQzF1UExpWU5OTHR0TURsNCI7czo5OiJfcHJldmlvdXMiO2E6MTp7czozOiJ1cmwiO3M6MjE6Imh0dHA6Ly8xMjcuMC4wLjE6ODAwMCI7fXM6NjoiX2ZsYXNoIjthOjI6e3M6Mzoib2xkIjthOjA6e31zOjM6Im5ldyI7YTowOnt9fX0=', 1752613073),
('7XoV5yBcVJXGRROfWQ08Qi9H5ibW5alebRVo6ug7', NULL, '127.0.0.1', 'Mozilla/5.0 (Windows NT 10.0; Win64; x64) AppleWebKit/537.36 (KHTML, like Gecko) Chrome/138.0.0.0 Safari/537.36 Edg/138.0.0.0', 'YTozOntzOjY6Il90b2tlbiI7czo0MDoiQTFxMkVXZlFFdGxoWjM1SHFsSlplQXhlOFA4eXBHODJiRWtXM3RiOSI7czo5OiJfcHJldmlvdXMiO2E6MTp7czozOiJ1cmwiO3M6MzA6Imh0dHA6Ly8xMjcuMC4wLjE6ODAwMC9wZW5nZ3VuYSI7fXM6NjoiX2ZsYXNoIjthOjI6e3M6Mzoib2xkIjthOjA6e31zOjM6Im5ldyI7YTowOnt9fX0=', 1752573046),
('8JvbzqFMBWuGLeq2jEAbDOL5jRK4NiLJn2yhxoia', NULL, '127.0.0.1', 'Mozilla/5.0 (Windows NT 10.0; Win64; x64) AppleWebKit/537.36 (KHTML, like Gecko) Chrome/138.0.0.0 Safari/537.36', 'YTozOntzOjY6Il90b2tlbiI7czo0MDoiQ1dBbWNHMm1vSDJ5Vk15cHNRY1lJUWZUdDdHNEJXWjFDOHVWY0duYSI7czo5OiJfcHJldmlvdXMiO2E6MTp7czozOiJ1cmwiO3M6MzE6Imh0dHA6Ly8xMjcuMC4wLjE6ODAwMC9kYXNoYm9hcmQiO31zOjY6Il9mbGFzaCI7YToyOntzOjM6Im9sZCI7YTowOnt9czozOiJuZXciO2E6MDp7fX19', 1752142274),
('XxSCM6dlWO9zkJoQc9FonqWHWBmJkREBgOIwm9J0', NULL, '127.0.0.1', 'Mozilla/5.0 (Windows NT 10.0; Win64; x64) AppleWebKit/537.36 (KHTML, like Gecko) Chrome/138.0.0.0 Safari/537.36 Edg/138.0.0.0', 'YTozOntzOjY6Il90b2tlbiI7czo0MDoiV3ZmN3NrdFNOcHh3QmkyRzZQMERrQXR6UEdyOHZ6YThBbFJYcm9LNCI7czo5OiJfcHJldmlvdXMiO2E6MTp7czozOiJ1cmwiO3M6MzE6Imh0dHA6Ly8xMjcuMC4wLjE6ODAwMC9kYXNoYm9hcmQiO31zOjY6Il9mbGFzaCI7YToyOntzOjM6Im9sZCI7YTowOnt9czozOiJuZXciO2E6MDp7fX19', 1752145799);

-- --------------------------------------------------------

--
-- Table structure for table `stok_adjustment`
--

CREATE TABLE `stok_adjustment` (
  `id_adjust` int(11) NOT NULL,
  `id_barang` int(11) DEFAULT NULL,
  `tanggal` date DEFAULT NULL,
  `perubahan_stok` int(11) DEFAULT NULL,
  `alasan` text DEFAULT NULL
) ENGINE=InnoDB DEFAULT CHARSET=utf8mb4 COLLATE=utf8mb4_general_ci;

--
-- Dumping data for table `stok_adjustment`
--

INSERT INTO `stok_adjustment` (`id_adjust`, `id_barang`, `tanggal`, `perubahan_stok`, `alasan`) VALUES
(4, 4, '2025-06-27', 5, 'Koreksi input');

-- --------------------------------------------------------

--
-- Table structure for table `users`
--

CREATE TABLE `users` (
  `id` bigint(20) UNSIGNED NOT NULL,
  `name` varchar(255) NOT NULL,
  `email` varchar(255) NOT NULL,
  `email_verified_at` timestamp NULL DEFAULT NULL,
  `password` varchar(255) NOT NULL,
  `remember_token` varchar(100) DEFAULT NULL,
  `created_at` timestamp NULL DEFAULT NULL,
  `updated_at` timestamp NULL DEFAULT NULL
) ENGINE=InnoDB DEFAULT CHARSET=utf8mb4 COLLATE=utf8mb4_unicode_ci;

--
-- Indexes for dumped tables
--

--
-- Indexes for table `akun_inventaris`
--
ALTER TABLE `akun_inventaris`
  ADD PRIMARY KEY (`username`),
  ADD UNIQUE KEY `pass` (`pass`),
  ADD UNIQUE KEY `email` (`email`);

--
-- Indexes for table `barang`
--
ALTER TABLE `barang`
  ADD PRIMARY KEY (`id_barang`),
  ADD KEY `id_kategori` (`id_kategori`);

--
-- Indexes for table `barang_keluar`
--
ALTER TABLE `barang_keluar`
  ADD PRIMARY KEY (`id_keluar`),
  ADD KEY `id_barang` (`id_barang`);

--
-- Indexes for table `barang_masuk`
--
ALTER TABLE `barang_masuk`
  ADD PRIMARY KEY (`id_masuk`),
  ADD KEY `id_barang` (`id_barang`),
  ADD KEY `id_pemasok` (`id_pemasok`);

--
-- Indexes for table `cache`
--
ALTER TABLE `cache`
  ADD PRIMARY KEY (`key`);

--
-- Indexes for table `cache_locks`
--
ALTER TABLE `cache_locks`
  ADD PRIMARY KEY (`key`);

--
-- Indexes for table `failed_jobs`
--
ALTER TABLE `failed_jobs`
  ADD PRIMARY KEY (`id`),
  ADD UNIQUE KEY `failed_jobs_uuid_unique` (`uuid`);

--
-- Indexes for table `harga_barang`
--
ALTER TABLE `harga_barang`
  ADD PRIMARY KEY (`id_harga`),
  ADD KEY `id_barang` (`id_barang`);

--
-- Indexes for table `jobs`
--
ALTER TABLE `jobs`
  ADD PRIMARY KEY (`id`),
  ADD KEY `jobs_queue_index` (`queue`);

--
-- Indexes for table `job_batches`
--
ALTER TABLE `job_batches`
  ADD PRIMARY KEY (`id`);

--
-- Indexes for table `kategori_barang`
--
ALTER TABLE `kategori_barang`
  ADD PRIMARY KEY (`id_kategori`);

--
-- Indexes for table `log_aktivitas`
--
ALTER TABLE `log_aktivitas`
  ADD PRIMARY KEY (`id_log`),
  ADD KEY `id_pengguna` (`id_pengguna`);

--
-- Indexes for table `migrations`
--
ALTER TABLE `migrations`
  ADD PRIMARY KEY (`id`);

--
-- Indexes for table `password_reset_tokens`
--
ALTER TABLE `password_reset_tokens`
  ADD PRIMARY KEY (`email`);

--
-- Indexes for table `pemasok`
--
ALTER TABLE `pemasok`
  ADD PRIMARY KEY (`id_pemasok`);

--
-- Indexes for table `pengguna`
--
ALTER TABLE `pengguna`
  ADD PRIMARY KEY (`id_pengguna`);

--
-- Indexes for table `sessions`
--
ALTER TABLE `sessions`
  ADD PRIMARY KEY (`id`),
  ADD KEY `sessions_user_id_index` (`user_id`),
  ADD KEY `sessions_last_activity_index` (`last_activity`);

--
-- Indexes for table `stok_adjustment`
--
ALTER TABLE `stok_adjustment`
  ADD PRIMARY KEY (`id_adjust`),
  ADD KEY `id_barang` (`id_barang`);

--
-- Indexes for table `users`
--
ALTER TABLE `users`
  ADD PRIMARY KEY (`id`),
  ADD UNIQUE KEY `users_email_unique` (`email`);

--
-- AUTO_INCREMENT for dumped tables
--

--
-- AUTO_INCREMENT for table `barang`
--
ALTER TABLE `barang`
  MODIFY `id_barang` int(11) NOT NULL AUTO_INCREMENT, AUTO_INCREMENT=12;

--
-- AUTO_INCREMENT for table `barang_keluar`
--
ALTER TABLE `barang_keluar`
  MODIFY `id_keluar` int(11) NOT NULL AUTO_INCREMENT, AUTO_INCREMENT=6;

--
-- AUTO_INCREMENT for table `barang_masuk`
--
ALTER TABLE `barang_masuk`
  MODIFY `id_masuk` int(11) NOT NULL AUTO_INCREMENT, AUTO_INCREMENT=6;

--
-- AUTO_INCREMENT for table `failed_jobs`
--
ALTER TABLE `failed_jobs`
  MODIFY `id` bigint(20) UNSIGNED NOT NULL AUTO_INCREMENT;

--
-- AUTO_INCREMENT for table `harga_barang`
--
ALTER TABLE `harga_barang`
  MODIFY `id_harga` int(11) NOT NULL AUTO_INCREMENT, AUTO_INCREMENT=6;

--
-- AUTO_INCREMENT for table `jobs`
--
ALTER TABLE `jobs`
  MODIFY `id` bigint(20) UNSIGNED NOT NULL AUTO_INCREMENT;

--
-- AUTO_INCREMENT for table `kategori_barang`
--
ALTER TABLE `kategori_barang`
  MODIFY `id_kategori` int(11) NOT NULL AUTO_INCREMENT, AUTO_INCREMENT=6;

--
-- AUTO_INCREMENT for table `log_aktivitas`
--
ALTER TABLE `log_aktivitas`
  MODIFY `id_log` int(11) NOT NULL AUTO_INCREMENT, AUTO_INCREMENT=6;

--
-- AUTO_INCREMENT for table `migrations`
--
ALTER TABLE `migrations`
  MODIFY `id` int(10) UNSIGNED NOT NULL AUTO_INCREMENT, AUTO_INCREMENT=4;

--
-- AUTO_INCREMENT for table `pemasok`
--
ALTER TABLE `pemasok`
  MODIFY `id_pemasok` int(11) NOT NULL AUTO_INCREMENT, AUTO_INCREMENT=6;

--
-- AUTO_INCREMENT for table `pengguna`
--
ALTER TABLE `pengguna`
  MODIFY `id_pengguna` int(11) NOT NULL AUTO_INCREMENT, AUTO_INCREMENT=7;

--
-- AUTO_INCREMENT for table `stok_adjustment`
--
ALTER TABLE `stok_adjustment`
  MODIFY `id_adjust` int(11) NOT NULL AUTO_INCREMENT, AUTO_INCREMENT=6;

--
-- AUTO_INCREMENT for table `users`
--
ALTER TABLE `users`
  MODIFY `id` bigint(20) UNSIGNED NOT NULL AUTO_INCREMENT;

--
-- Constraints for dumped tables
--

--
-- Constraints for table `barang`
--
ALTER TABLE `barang`
  ADD CONSTRAINT `barang_ibfk_1` FOREIGN KEY (`id_kategori`) REFERENCES `kategori_barang` (`id_kategori`) ON DELETE CASCADE ON UPDATE CASCADE;

--
-- Constraints for table `barang_keluar`
--
ALTER TABLE `barang_keluar`
  ADD CONSTRAINT `barang_keluar_ibfk_1` FOREIGN KEY (`id_barang`) REFERENCES `barang` (`id_barang`) ON DELETE CASCADE ON UPDATE CASCADE;

--
-- Constraints for table `barang_masuk`
--
ALTER TABLE `barang_masuk`
  ADD CONSTRAINT `barang_masuk_ibfk_1` FOREIGN KEY (`id_barang`) REFERENCES `barang` (`id_barang`) ON DELETE CASCADE ON UPDATE CASCADE,
  ADD CONSTRAINT `barang_masuk_ibfk_2` FOREIGN KEY (`id_pemasok`) REFERENCES `pemasok` (`id_pemasok`) ON DELETE CASCADE ON UPDATE CASCADE;

--
-- Constraints for table `harga_barang`
--
ALTER TABLE `harga_barang`
  ADD CONSTRAINT `harga_barang_ibfk_1` FOREIGN KEY (`id_barang`) REFERENCES `barang` (`id_barang`) ON DELETE CASCADE ON UPDATE CASCADE;

--
-- Constraints for table `log_aktivitas`
--
ALTER TABLE `log_aktivitas`
  ADD CONSTRAINT `log_aktivitas_ibfk_1` FOREIGN KEY (`id_pengguna`) REFERENCES `pengguna` (`id_pengguna`) ON DELETE CASCADE ON UPDATE CASCADE;

--
-- Constraints for table `stok_adjustment`
--
ALTER TABLE `stok_adjustment`
  ADD CONSTRAINT `stok_adjustment_ibfk_1` FOREIGN KEY (`id_barang`) REFERENCES `barang` (`id_barang`) ON DELETE CASCADE ON UPDATE CASCADE;
COMMIT;

/*!40101 SET CHARACTER_SET_CLIENT=@OLD_CHARACTER_SET_CLIENT */;
/*!40101 SET CHARACTER_SET_RESULTS=@OLD_CHARACTER_SET_RESULTS */;
/*!40101 SET COLLATION_CONNECTION=@OLD_COLLATION_CONNECTION */;
